generation_project,timestamp,gen_dbid,gen_tech,gen_load_zone,gen_energy_source,tp_weight_in_year_hrs,period,DispatchGen_MW,Energy_GWh_typical_yr,VariableCost_per_yr,DispatchEmissions_tCO2_per_typical_yr
N-Geothermal,2025011500,N-Geothermal,Geothermal,North,Geothermal,1095.7440000000001,2020,0.968580749999999,1.061316545327999,30597.75600180621,0.0
N-Geothermal,2025011512,N-Geothermal,Geothermal,North,Geothermal,1095.7440000000001,2020,0.968580749999999,1.061316545327999,30597.75600180621,0.0
N-Geothermal,2025011600,N-Geothermal,Geothermal,North,Geothermal,1095.7440000000001,2020,0.968580749999999,1.061316545327999,30597.75600180621,0.0
N-Geothermal,2025011612,N-Geothermal,Geothermal,North,Geothermal,1095.7440000000001,2020,0.968580749999999,1.061316545327999,30597.75600180621,0.0
N-Geothermal,2025061500,N-Geothermal,Geothermal,North,Geothermal,2191.5,2020,0.968580749999999,2.122644713624998,61195.84709380868,0.0
N-Geothermal,2025061512,N-Geothermal,Geothermal,North,Geothermal,2191.5,2020,0.968580749999999,2.122644713624998,61195.84709380868,0.0
N-Geothermal,2035011512,N-Geothermal,Geothermal,North,Geothermal,8766.0,2030,0.96858075,8.4905788545,244783.388375235,0.0
N-Coal_IGCC,2025011500,N-Coal_IGCC,Coal_IGCC,North,Coal,1095.7440000000001,2020,0.0,0.0,0.0,0.0
N-Coal_IGCC,2025011512,N-Coal_IGCC,Coal_IGCC,North,Coal,1095.7440000000001,2020,0.0,0.0,0.0,0.0
N-Coal_IGCC,2025011600,N-Coal_IGCC,Coal_IGCC,North,Coal,1095.7440000000001,2020,0.0,0.0,0.0,0.0
N-Coal_IGCC,2025011612,N-Coal_IGCC,Coal_IGCC,North,Coal,1095.7440000000001,2020,0.0,0.0,0.0,0.0
N-Coal_IGCC,2025061500,N-Coal_IGCC,Coal_IGCC,North,Coal,2191.5,2020,0.0,0.0,0.0,0.0
N-Coal_IGCC,2025061512,N-Coal_IGCC,Coal_IGCC,North,Coal,2191.5,2020,0.0,0.0,0.0,0.0
N-Coal_IGCC,2035011512,N-Coal_IGCC,Coal_IGCC,North,Coal,8766.0,2030,0.0,0.0,0.0,0.0
N-Coal_IGCC_CCS,2035011512,N-Coal_IGCC_CCS,Coal_IGCC_CCS,North,Coal,8766.0,2030,0.0,0.0,0.0,0.0
N-Coal_ST,2025011500,N-Coal_ST,Coal_ST,North,Coal,1095.7440000000001,2020,1.692,1.853998848,6303.5960832,1593.8457296486401
N-Coal_ST,2025011512,N-Coal_ST,Coal_ST,North,Coal,1095.7440000000001,2020,1.692,1.853998848,6303.5960832,1593.8457296486401
N-Coal_ST,2025011600,N-Coal_ST,Coal_ST,North,Coal,1095.7440000000001,2020,1.692,1.853998848,6303.5960832,1593.8457296486401
N-Coal_ST,2025011612,N-Coal_ST,Coal_ST,North,Coal,1095.7440000000001,2020,1.692,1.853998848,6303.5960832,1593.8457296486401
N-Coal_ST,2025061500,N-Coal_ST,Coal_ST,North,Coal,2191.5,2020,1.692,3.708018,12607.261199999999,3187.7089142399996
N-Coal_ST,2025061512,N-Coal_ST,Coal_ST,North,Coal,2191.5,2020,1.692,3.708018,12607.261199999999,3187.7089142399996
N-Coal_ST,2035011512,N-Coal_ST,Coal_ST,North,Coal,8766.0,2030,1.692,14.832072,50429.044799999996,12750.835656959998
N-NG_CC,2025011500,N-NG_CC,NG_CC,North,NaturalGas,1095.7440000000001,2020,1.88,2.05999872,7030.981631232001,732.8801826178561
N-NG_CC,2025011512,N-NG_CC,NG_CC,North,NaturalGas,1095.7440000000001,2020,1.56328408632524,1.7129591578863639,5846.500901781948,609.4148546115034
N-NG_CC,2025011600,N-NG_CC,NG_CC,North,NaturalGas,1095.7440000000001,2020,1.88,2.05999872,7030.981631232001,732.8801826178561
N-NG_CC,2025011612,N-NG_CC,NG_CC,North,NaturalGas,1095.7440000000001,2020,1.7744773281415,1.9443728854470799,6636.339095319429,691.7442916487195
N-NG_CC,2025061500,N-NG_CC,NG_CC,North,NaturalGas,2191.5,2020,1.56328408632524,3.4259370751817633,11693.065831302876,1218.836383207309
N-NG_CC,2025061512,N-NG_CC,NG_CC,North,NaturalGas,2191.5,2020,1.88,4.120019999999999,14062.040261999999,1465.768391346
N-NG_CC,2035011512,N-NG_CC,NG_CC,North,NaturalGas,8766.0,2030,0.0,0.0,0.0,0.0
N-NG_CC_CCS,2035011512,N-NG_CC_CCS,NG_CC_CCS,North,NaturalGas,8766.0,2030,0.0,0.0,0.0,0.0
N-NG_GT,2025011500,N-NG_GT,NG_GT,North,NaturalGas,1095.7440000000001,2020,0.0,0.0,0.0,0.0
N-NG_GT,2025011512,N-NG_GT,NG_GT,North,NaturalGas,1095.7440000000001,2020,0.0,0.0,0.0,0.0
N-NG_GT,2025011600,N-NG_GT,NG_GT,North,NaturalGas,1095.7440000000001,2020,0.0,0.0,0.0,0.0
N-NG_GT,2025011612,N-NG_GT,NG_GT,North,NaturalGas,1095.7440000000001,2020,0.0,0.0,0.0,0.0
N-NG_GT,2025061500,N-NG_GT,NG_GT,North,NaturalGas,2191.5,2020,0.0,0.0,0.0,0.0
N-NG_GT,2025061512,N-NG_GT,NG_GT,North,NaturalGas,2191.5,2020,1.79521650448786,3.934216969585145,109398.77127325413,2168.9078495002836
N-NG_GT,2035011512,N-NG_GT,NG_GT,North,NaturalGas,8766.0,2030,1.18335598688062e-16,1.0373298580995513e-15,2.8845031364174223e-11,0.0
N-Nuclear,2035011512,N-Nuclear,Nuclear,North,Uranium,8766.0,2030,0.0,0.0,0.0,0.0
N-Biomass_IGCC,2025011500,N-Biomass_IGCC,Biomass_IGCC,North,BioSolid,1095.7440000000001,2020,0.0,0.0,0.0,0.0
N-Biomass_IGCC,2025011512,N-Biomass_IGCC,Biomass_IGCC,North,BioSolid,1095.7440000000001,2020,0.0,0.0,0.0,0.0
N-Biomass_IGCC,2025011600,N-Biomass_IGCC,Biomass_IGCC,North,BioSolid,1095.7440000000001,2020,0.0,0.0,0.0,0.0
N-Biomass_IGCC,2025011612,N-Biomass_IGCC,Biomass_IGCC,North,BioSolid,1095.7440000000001,2020,0.0,0.0,0.0,0.0
N-Biomass_IGCC,2025061500,N-Biomass_IGCC,Biomass_IGCC,North,BioSolid,2191.5,2020,0.0,0.0,0.0,0.0
N-Biomass_IGCC,2025061512,N-Biomass_IGCC,Biomass_IGCC,North,BioSolid,2191.5,2020,0.0,0.0,0.0,0.0
N-Biomass_IGCC,2035011512,N-Biomass_IGCC,Biomass_IGCC,North,BioSolid,8766.0,2030,0.0,0.0,0.0,0.0
N-Biomass_IGCC_CCS,2035011512,N-Biomass_IGCC_CCS,Biomass_IGCC_CCS,North,BioSolid,8766.0,2030,0.0,0.0,0.0,-0.0
N-Residential_PV,2025011500,N-Residential_PV,Residential_PV,North,Solar,1095.7440000000001,2020,0.0,0.0,0.0,0.0
N-Residential_PV,2025011512,N-Residential_PV,Residential_PV,North,Solar,1095.7440000000001,2020,0.0,0.0,0.0,0.0
N-Residential_PV,2025011600,N-Residential_PV,Residential_PV,North,Solar,1095.7440000000001,2020,0.0,0.0,0.0,0.0
N-Residential_PV,2025011612,N-Residential_PV,Residential_PV,North,Solar,1095.7440000000001,2020,0.0,0.0,0.0,0.0
N-Residential_PV,2025061500,N-Residential_PV,Residential_PV,North,Solar,2191.5,2020,0.0,0.0,0.0,0.0
N-Residential_PV,2025061512,N-Residential_PV,Residential_PV,North,Solar,2191.5,2020,0.0,0.0,0.0,0.0
N-Residential_PV,2035011512,N-Residential_PV,Residential_PV,North,Solar,8766.0,2030,0.0,0.0,0.0,0.0
N-Commercial_PV,2025011500,N-Commercial_PV,Commercial_PV,North,Solar,1095.7440000000001,2020,0.0,0.0,0.0,0.0
N-Commercial_PV,2025011512,N-Commercial_PV,Commercial_PV,North,Solar,1095.7440000000001,2020,0.0,0.0,0.0,0.0
N-Commercial_PV,2025011600,N-Commercial_PV,Commercial_PV,North,Solar,1095.7440000000001,2020,0.0,0.0,0.0,0.0
N-Commercial_PV,2025011612,N-Commercial_PV,Commercial_PV,North,Solar,1095.7440000000001,2020,0.0,0.0,0.0,0.0
N-Commercial_PV,2025061500,N-Commercial_PV,Commercial_PV,North,Solar,2191.5,2020,0.0,0.0,0.0,0.0
N-Commercial_PV,2025061512,N-Commercial_PV,Commercial_PV,North,Solar,2191.5,2020,0.0,0.0,0.0,0.0
N-Commercial_PV,2035011512,N-Commercial_PV,Commercial_PV,North,Solar,8766.0,2030,0.0,0.0,0.0,0.0
N-Central_PV-1,2025011500,N-Central_PV-1,Central_PV,North,Solar,1095.7440000000001,2020,0.0,0.0,0.0,0.0
N-Central_PV-1,2025011512,N-Central_PV-1,Central_PV,North,Solar,1095.7440000000001,2020,0.0,0.0,0.0,0.0
N-Central_PV-1,2025011600,N-Central_PV-1,Central_PV,North,Solar,1095.7440000000001,2020,0.0,0.0,0.0,0.0
N-Central_PV-1,2025011612,N-Central_PV-1,Central_PV,North,Solar,1095.7440000000001,2020,0.0,0.0,0.0,0.0
N-Central_PV-1,2025061500,N-Central_PV-1,Central_PV,North,Solar,2191.5,2020,0.0,0.0,0.0,0.0
N-Central_PV-1,2025061512,N-Central_PV-1,Central_PV,North,Solar,2191.5,2020,0.0,0.0,0.0,0.0
N-Central_PV-1,2035011512,N-Central_PV-1,Central_PV,North,Solar,8766.0,2030,1.2054,10.5665364,0.0,0.0
N-Central_PV-2,2025011500,N-Central_PV-2,Central_PV,North,Solar,1095.7440000000001,2020,0.0,0.0,0.0,0.0
N-Central_PV-2,2025011512,N-Central_PV-2,Central_PV,North,Solar,1095.7440000000001,2020,0.0,0.0,0.0,0.0
N-Central_PV-2,2025011600,N-Central_PV-2,Central_PV,North,Solar,1095.7440000000001,2020,0.0,0.0,0.0,0.0
N-Central_PV-2,2025011612,N-Central_PV-2,Central_PV,North,Solar,1095.7440000000001,2020,0.0,0.0,0.0,0.0
N-Central_PV-2,2025061500,N-Central_PV-2,Central_PV,North,Solar,2191.5,2020,0.0,0.0,0.0,0.0
N-Central_PV-2,2025061512,N-Central_PV-2,Central_PV,North,Solar,2191.5,2020,0.0,0.0,0.0,0.0
N-Central_PV-2,2035011512,N-Central_PV-2,Central_PV,North,Solar,8766.0,2030,0.0,0.0,0.0,0.0
N-Wind-1,2025011500,N-Wind-1,Wind,North,Wind,1095.7440000000001,2020,0.0,0.0,0.0,0.0
N-Wind-1,2025011512,N-Wind-1,Wind,North,Wind,1095.7440000000001,2020,0.0,0.0,0.0,0.0
N-Wind-1,2025011600,N-Wind-1,Wind,North,Wind,1095.7440000000001,2020,0.0,0.0,0.0,0.0
N-Wind-1,2025011612,N-Wind-1,Wind,North,Wind,1095.7440000000001,2020,0.0,0.0,0.0,0.0
N-Wind-1,2025061500,N-Wind-1,Wind,North,Wind,2191.5,2020,0.0,0.0,0.0,0.0
N-Wind-1,2025061512,N-Wind-1,Wind,North,Wind,2191.5,2020,0.0,0.0,0.0,0.0
N-Wind-1,2035011512,N-Wind-1,Wind,North,Wind,8766.0,2030,1.60503650448786,14.069749998340582,0.0,0.0
N-Wind-2,2025011500,N-Wind-2,Wind,North,Wind,1095.7440000000001,2020,0.0,0.0,0.0,0.0
N-Wind-2,2025011512,N-Wind-2,Wind,North,Wind,1095.7440000000001,2020,0.0,0.0,0.0,0.0
N-Wind-2,2025011600,N-Wind-2,Wind,North,Wind,1095.7440000000001,2020,0.0,0.0,0.0,0.0
N-Wind-2,2025011612,N-Wind-2,Wind,North,Wind,1095.7440000000001,2020,0.0,0.0,0.0,0.0
N-Wind-2,2025061500,N-Wind-2,Wind,North,Wind,2191.5,2020,0.0,0.0,0.0,0.0
N-Wind-2,2025061512,N-Wind-2,Wind,North,Wind,2191.5,2020,0.0,0.0,0.0,0.0
N-Wind-2,2035011512,N-Wind-2,Wind,North,Wind,8766.0,2030,0.86478,7.58066148,0.0,0.0
C-Coal_IGCC,2025011500,C-Coal_IGCC,Coal_IGCC,Central,Coal,1095.7440000000001,2020,0.0,0.0,0.0,0.0
C-Coal_IGCC,2025011512,C-Coal_IGCC,Coal_IGCC,Central,Coal,1095.7440000000001,2020,0.0,0.0,0.0,0.0
C-Coal_IGCC,2025011600,C-Coal_IGCC,Coal_IGCC,Central,Coal,1095.7440000000001,2020,0.0,0.0,0.0,0.0
C-Coal_IGCC,2025011612,C-Coal_IGCC,Coal_IGCC,Central,Coal,1095.7440000000001,2020,0.0,0.0,0.0,0.0
C-Coal_IGCC,2025061500,C-Coal_IGCC,Coal_IGCC,Central,Coal,2191.5,2020,0.0,0.0,0.0,0.0
C-Coal_IGCC,2025061512,C-Coal_IGCC,Coal_IGCC,Central,Coal,2191.5,2020,0.0,0.0,0.0,0.0
C-Coal_IGCC,2035011512,C-Coal_IGCC,Coal_IGCC,Central,Coal,8766.0,2030,3.53691737700673,31.004617726840998,150861.02875055384,23544.410627879417
C-Coal_ST,2025011500,C-Coal_ST,Coal_ST,Central,Coal,1095.7440000000001,2020,1.692,1.853998848,6674.395852800001,1682.39271462912
C-Coal_ST,2025011512,C-Coal_ST,Coal_ST,Central,Coal,1095.7440000000001,2020,1.692,1.853998848,6674.395852800001,1682.39271462912
C-Coal_ST,2025011600,C-Coal_ST,Coal_ST,Central,Coal,1095.7440000000001,2020,1.692,1.853998848,6674.395852800001,1682.39271462912
C-Coal_ST,2025011612,C-Coal_ST,Coal_ST,Central,Coal,1095.7440000000001,2020,1.692,1.853998848,6674.395852800001,1682.39271462912
C-Coal_ST,2025061500,C-Coal_ST,Coal_ST,Central,Coal,2191.5,2020,1.692,3.708018,13348.864800000001,3364.8038539199997
C-Coal_ST,2025061512,C-Coal_ST,Coal_ST,Central,Coal,2191.5,2020,1.692,3.708018,13348.864800000001,3364.8038539199997
C-NG_CC,2025011500,C-NG_CC,NG_CC,Central,NaturalGas,1095.7440000000001,2020,1.88,2.05999872,5624.7853049856,732.8801826178561
C-NG_CC,2025011512,C-NG_CC,NG_CC,Central,NaturalGas,1095.7440000000001,2020,1.47589862724393,1.617207065410773,4415.751547962808,575.3493912021136
C-NG_CC,2025011600,C-NG_CC,NG_CC,Central,NaturalGas,1095.7440000000001,2020,1.88,2.05999872,5624.7853049856,732.8801826178561
C-NG_CC,2025011612,C-NG_CC,NG_CC,Central,NaturalGas,1095.7440000000001,2020,1.79268848996832,1.9643276567518468,5363.557380207783,698.8435467579324
C-NG_CC,2025061500,C-NG_CC,NG_CC,Central,NaturalGas,2191.5,2020,1.88,4.120019999999999,11249.632209599999,1465.768391346
C-NG_CC,2025061512,C-NG_CC,NG_CC,Central,NaturalGas,2191.5,2020,1.88,4.120019999999999,11249.632209599999,1465.768391346
C-NG_CC,2035011512,C-NG_CC,NG_CC,Central,NaturalGas,8766.0,2030,1.33226762955019e-15,1.1678658040636966e-14,3.188834220679842e-11,0.0
C-NG_GT,2025011500,C-NG_GT,NG_GT,Central,NaturalGas,1095.7440000000001,2020,1.10512736464933,1.2109366790503155,26938.0129874817,667.5813989783609
C-NG_GT,2025011512,C-NG_GT,NG_GT,Central,NaturalGas,1095.7440000000001,2020,0.0,0.0,0.0,0.0
C-NG_GT,2025011600,C-NG_GT,NG_GT,Central,NaturalGas,1095.7440000000001,2020,0.449548343178019,0.49258989974725526,10957.957873817542,271.56156063732374
C-NG_GT,2025011612,C-NG_GT,NG_GT,Central,NaturalGas,1095.7440000000001,2020,0.0,0.0,0.0,0.0
C-NG_GT,2025061500,C-NG_GT,NG_GT,Central,NaturalGas,2191.5,2020,0.491629927935926,1.077406987071582,23967.56487159958,593.9673610864494
C-NG_GT,2025061512,C-NG_GT,NG_GT,Central,NaturalGas,2191.5,2020,1.88,4.120019999999999,91652.316912,2271.339833868
C-NG_GT,2035011512,C-NG_GT,NG_GT,Central,NaturalGas,8766.0,2030,0.0,0.0,0.0,0.0
C-Nuclear,2035011512,C-Nuclear,Nuclear,Central,Uranium,8766.0,2030,0.0,0.0,0.0,0.0
C-Biomass_IGCC,2025011500,C-Biomass_IGCC,Biomass_IGCC,Central,BioSolid,1095.7440000000001,2020,0.0,0.0,0.0,0.0
C-Biomass_IGCC,2025011512,C-Biomass_IGCC,Biomass_IGCC,Central,BioSolid,1095.7440000000001,2020,0.0,0.0,0.0,0.0
C-Biomass_IGCC,2025011600,C-Biomass_IGCC,Biomass_IGCC,Central,BioSolid,1095.7440000000001,2020,0.0,0.0,0.0,0.0
C-Biomass_IGCC,2025011612,C-Biomass_IGCC,Biomass_IGCC,Central,BioSolid,1095.7440000000001,2020,0.0,0.0,0.0,0.0
C-Biomass_IGCC,2025061500,C-Biomass_IGCC,Biomass_IGCC,Central,BioSolid,2191.5,2020,0.0,0.0,0.0,0.0
C-Biomass_IGCC,2025061512,C-Biomass_IGCC,Biomass_IGCC,Central,BioSolid,2191.5,2020,0.0,0.0,0.0,0.0
C-Biomass_IGCC,2035011512,C-Biomass_IGCC,Biomass_IGCC,Central,BioSolid,8766.0,2030,0.0,0.0,0.0,0.0
C-Residential_PV,2025011500,C-Residential_PV,Residential_PV,Central,Solar,1095.7440000000001,2020,0.0,0.0,0.0,0.0
C-Residential_PV,2025011512,C-Residential_PV,Residential_PV,Central,Solar,1095.7440000000001,2020,0.0,0.0,0.0,0.0
C-Residential_PV,2025011600,C-Residential_PV,Residential_PV,Central,Solar,1095.7440000000001,2020,0.0,0.0,0.0,0.0
C-Residential_PV,2025011612,C-Residential_PV,Residential_PV,Central,Solar,1095.7440000000001,2020,0.0,0.0,0.0,0.0
C-Residential_PV,2025061500,C-Residential_PV,Residential_PV,Central,Solar,2191.5,2020,0.0,0.0,0.0,0.0
C-Residential_PV,2025061512,C-Residential_PV,Residential_PV,Central,Solar,2191.5,2020,0.0,0.0,0.0,0.0
C-Residential_PV,2035011512,C-Residential_PV,Residential_PV,Central,Solar,8766.0,2030,0.1666,1.4604156,0.0,0.0
C-Commercial_PV,2025011500,C-Commercial_PV,Commercial_PV,Central,Solar,1095.7440000000001,2020,0.0,0.0,0.0,0.0
C-Commercial_PV,2025011512,C-Commercial_PV,Commercial_PV,Central,Solar,1095.7440000000001,2020,0.0,0.0,0.0,0.0
C-Commercial_PV,2025011600,C-Commercial_PV,Commercial_PV,Central,Solar,1095.7440000000001,2020,0.0,0.0,0.0,0.0
C-Commercial_PV,2025011612,C-Commercial_PV,Commercial_PV,Central,Solar,1095.7440000000001,2020,0.0,0.0,0.0,0.0
C-Commercial_PV,2025061500,C-Commercial_PV,Commercial_PV,Central,Solar,2191.5,2020,0.0,0.0,0.0,0.0
C-Commercial_PV,2025061512,C-Commercial_PV,Commercial_PV,Central,Solar,2191.5,2020,0.0,0.0,0.0,0.0
C-Commercial_PV,2035011512,C-Commercial_PV,Commercial_PV,Central,Solar,8766.0,2030,0.2744,2.4053904,0.0,0.0
C-Central_PV-1,2025011500,C-Central_PV-1,Central_PV,Central,Solar,1095.7440000000001,2020,0.0,0.0,0.0,0.0
C-Central_PV-1,2025011512,C-Central_PV-1,Central_PV,Central,Solar,1095.7440000000001,2020,0.0,0.0,0.0,0.0
C-Central_PV-1,2025011600,C-Central_PV-1,Central_PV,Central,Solar,1095.7440000000001,2020,0.0,0.0,0.0,0.0
C-Central_PV-1,2025011612,C-Central_PV-1,Central_PV,Central,Solar,1095.7440000000001,2020,0.0,0.0,0.0,0.0
C-Central_PV-1,2025061500,C-Central_PV-1,Central_PV,Central,Solar,2191.5,2020,0.0,0.0,0.0,0.0
C-Central_PV-1,2025061512,C-Central_PV-1,Central_PV,Central,Solar,2191.5,2020,0.0,0.0,0.0,0.0
C-Central_PV-1,2035011512,C-Central_PV-1,Central_PV,Central,Solar,8766.0,2030,0.7644,6.700730399999999,0.0,0.0
C-Central_PV-2,2025011500,C-Central_PV-2,Central_PV,Central,Solar,1095.7440000000001,2020,0.0,0.0,0.0,0.0
C-Central_PV-2,2025011512,C-Central_PV-2,Central_PV,Central,Solar,1095.7440000000001,2020,0.0,0.0,0.0,0.0
C-Central_PV-2,2025011600,C-Central_PV-2,Central_PV,Central,Solar,1095.7440000000001,2020,0.0,0.0,0.0,0.0
C-Central_PV-2,2025011612,C-Central_PV-2,Central_PV,Central,Solar,1095.7440000000001,2020,0.0,0.0,0.0,0.0
C-Central_PV-2,2025061500,C-Central_PV-2,Central_PV,Central,Solar,2191.5,2020,0.0,0.0,0.0,0.0
C-Central_PV-2,2025061512,C-Central_PV-2,Central_PV,Central,Solar,2191.5,2020,0.0,0.0,0.0,0.0
C-Central_PV-2,2035011512,C-Central_PV-2,Central_PV,Central,Solar,8766.0,2030,1.2054,10.5665364,0.0,0.0
C-Wind-1,2025011500,C-Wind-1,Wind,Central,Wind,1095.7440000000001,2020,0.0,0.0,0.0,0.0
C-Wind-1,2025011512,C-Wind-1,Wind,Central,Wind,1095.7440000000001,2020,0.0,0.0,0.0,0.0
C-Wind-1,2025011600,C-Wind-1,Wind,Central,Wind,1095.7440000000001,2020,0.0,0.0,0.0,0.0
C-Wind-1,2025011612,C-Wind-1,Wind,Central,Wind,1095.7440000000001,2020,0.0,0.0,0.0,0.0
C-Wind-1,2025061500,C-Wind-1,Wind,Central,Wind,2191.5,2020,0.0,0.0,0.0,0.0
C-Wind-1,2025061512,C-Wind-1,Wind,Central,Wind,2191.5,2020,0.0,0.0,0.0,0.0
C-Wind-1,2035011512,C-Wind-1,Wind,Central,Wind,8766.0,2030,3.1808,27.8828928,0.0,0.0
C-Wind-2,2025011500,C-Wind-2,Wind,Central,Wind,1095.7440000000001,2020,0.0,0.0,0.0,0.0
C-Wind-2,2025011512,C-Wind-2,Wind,Central,Wind,1095.7440000000001,2020,0.0,0.0,0.0,0.0
C-Wind-2,2025011600,C-Wind-2,Wind,Central,Wind,1095.7440000000001,2020,4.17443857259059e-16,4.574116019284704e-16,0.0,0.0
C-Wind-2,2025011612,C-Wind-2,Wind,Central,Wind,1095.7440000000001,2020,0.0,0.0,0.0,0.0
C-Wind-2,2025061500,C-Wind-2,Wind,Central,Wind,2191.5,2020,-1.2490009027033e-16,-2.737185478274282e-16,0.0,0.0
C-Wind-2,2025061512,C-Wind-2,Wind,Central,Wind,2191.5,2020,0.0,0.0,0.0,0.0
C-Wind-2,2035011512,C-Wind-2,Wind,Central,Wind,8766.0,2030,2.56452,22.48058232,0.0,0.0
S-Geothermal,2025011500,S-Geothermal,Geothermal,South,Geothermal,1095.7440000000001,2020,2.90574225,3.183949635984,110151.92160650247,0.0
S-Geothermal,2025011512,S-Geothermal,Geothermal,South,Geothermal,1095.7440000000001,2020,2.90574225,3.183949635984,110151.92160650247,0.0
S-Geothermal,2025011600,S-Geothermal,Geothermal,South,Geothermal,1095.7440000000001,2020,2.90574225,3.183949635984,110151.92160650247,0.0
S-Geothermal,2025011612,S-Geothermal,Geothermal,South,Geothermal,1095.7440000000001,2020,2.90574225,3.183949635984,110151.92160650247,0.0
S-Geothermal,2025061500,S-Geothermal,Geothermal,South,Geothermal,2191.5,2020,2.90574225,6.367934140875,220305.04953771146,0.0
S-Geothermal,2025061512,S-Geothermal,Geothermal,South,Geothermal,2191.5,2020,2.90574225,6.367934140875,220305.04953771146,0.0
S-Geothermal,2035011512,S-Geothermal,Geothermal,South,Geothermal,8766.0,2030,2.90574225,25.4717365635,881220.1981508458,0.0
S-NG_CC,2025011500,S-NG_CC,NG_CC,South,NaturalGas,1095.7440000000001,2020,3.43005500448786,3.758462190837546,15393.608764257155,1337.1379457863584
S-NG_CC,2025011512,S-NG_CC,NG_CC,South,NaturalGas,1095.7440000000001,2020,4.48602121356917,4.915530828641137,20132.637925482082,1748.7851309724213
S-NG_CC,2025011600,S-NG_CC,NG_CC,South,NaturalGas,1095.7440000000001,2020,3.95803810902851,4.336996509739336,17763.123344869593,1542.96153837939
S-NG_CC,2025011612,S-NG_CC,NG_CC,South,NaturalGas,1095.7440000000001,2020,4.69721445538543,5.146944556201852,21080.44375772705,1831.1145680096313
S-NG_CC,2025061500,S-NG_CC,NG_CC,South,NaturalGas,2191.5,2020,4.7,10.30005,42186.120786,3664.4209783650003
S-NG_CC,2025061512,S-NG_CC,NG_CC,South,NaturalGas,2191.5,2020,4.7,10.30005,42186.120786,3664.4209783650003
S-NG_CC,2035011512,S-NG_CC,NG_CC,South,NaturalGas,8766.0,2030,-1.65791579124571e-15,-1.4533289826059894e-14,-5.952428580639003e-11,0.0
S-NG_CC_CCS,2035011512,S-NG_CC_CCS,NG_CC_CCS,South,NaturalGas,8766.0,2030,0.0,0.0,0.0,0.0
S-NG_GT,2025011500,S-NG_GT,NG_GT,South,NaturalGas,1095.7440000000001,2020,0.0,0.0,0.0,0.0
S-NG_GT,2025011512,S-NG_GT,NG_GT,South,NaturalGas,1095.7440000000001,2020,0.0,0.0,0.0,0.0
S-NG_GT,2025011600,S-NG_GT,NG_GT,South,NaturalGas,1095.7440000000001,2020,0.0,0.0,0.0,0.0
S-NG_GT,2025011612,S-NG_GT,NG_GT,South,NaturalGas,1095.7440000000001,2020,0.0,0.0,0.0,0.0
S-NG_GT,2025061500,S-NG_GT,NG_GT,South,NaturalGas,2191.5,2020,0.0,0.0,0.0,0.0
S-NG_GT,2025061512,S-NG_GT,NG_GT,South,NaturalGas,2191.5,2020,1.79947278695882,3.9435446126202542,131589.77405175767,2174.050117543098
S-NG_GT,2035011512,S-NG_GT,NG_GT,South,NaturalGas,8766.0,2030,-2.61484105516129e-16,-2.292169668954387e-15,-7.648603438153756e-11,0.0
S-Biomass_IGCC,2025011500,S-Biomass_IGCC,Biomass_IGCC,South,BioSolid,1095.7440000000001,2020,0.0,0.0,0.0,0.0
S-Biomass_IGCC,2025011512,S-Biomass_IGCC,Biomass_IGCC,South,BioSolid,1095.7440000000001,2020,0.0,0.0,0.0,0.0
S-Biomass_IGCC,2025011600,S-Biomass_IGCC,Biomass_IGCC,South,BioSolid,1095.7440000000001,2020,0.0,0.0,0.0,0.0
S-Biomass_IGCC,2025011612,S-Biomass_IGCC,Biomass_IGCC,South,BioSolid,1095.7440000000001,2020,0.0,0.0,0.0,0.0
S-Biomass_IGCC,2025061500,S-Biomass_IGCC,Biomass_IGCC,South,BioSolid,2191.5,2020,0.0,0.0,0.0,0.0
S-Biomass_IGCC,2025061512,S-Biomass_IGCC,Biomass_IGCC,South,BioSolid,2191.5,2020,0.0,0.0,0.0,0.0
S-Biomass_IGCC,2035011512,S-Biomass_IGCC,Biomass_IGCC,South,BioSolid,8766.0,2030,1.75644569903501,15.397002997740897,257745.8301821826,0.0
S-Biomass_IGCC_CCS,2035011512,S-Biomass_IGCC_CCS,Biomass_IGCC_CCS,South,BioSolid,8766.0,2030,0.0,0.0,0.0,-0.0
S-Residential_PV,2025011500,S-Residential_PV,Residential_PV,South,Solar,1095.7440000000001,2020,0.0,0.0,0.0,0.0
S-Residential_PV,2025011512,S-Residential_PV,Residential_PV,South,Solar,1095.7440000000001,2020,0.0,0.0,0.0,0.0
S-Residential_PV,2025011600,S-Residential_PV,Residential_PV,South,Solar,1095.7440000000001,2020,0.0,0.0,0.0,0.0
S-Residential_PV,2025011612,S-Residential_PV,Residential_PV,South,Solar,1095.7440000000001,2020,0.0,0.0,0.0,0.0
S-Residential_PV,2025061500,S-Residential_PV,Residential_PV,South,Solar,2191.5,2020,0.0,0.0,0.0,0.0
S-Residential_PV,2025061512,S-Residential_PV,Residential_PV,South,Solar,2191.5,2020,0.0,0.0,0.0,0.0
S-Residential_PV,2035011512,S-Residential_PV,Residential_PV,South,Solar,8766.0,2030,0.0,0.0,0.0,0.0
S-Commercial_PV,2025011500,S-Commercial_PV,Commercial_PV,South,Solar,1095.7440000000001,2020,0.0,0.0,0.0,0.0
S-Commercial_PV,2025011512,S-Commercial_PV,Commercial_PV,South,Solar,1095.7440000000001,2020,0.0,0.0,0.0,0.0
S-Commercial_PV,2025011600,S-Commercial_PV,Commercial_PV,South,Solar,1095.7440000000001,2020,0.0,0.0,0.0,0.0
S-Commercial_PV,2025011612,S-Commercial_PV,Commercial_PV,South,Solar,1095.7440000000001,2020,0.0,0.0,0.0,0.0
S-Commercial_PV,2025061500,S-Commercial_PV,Commercial_PV,South,Solar,2191.5,2020,0.0,0.0,0.0,0.0
S-Commercial_PV,2025061512,S-Commercial_PV,Commercial_PV,South,Solar,2191.5,2020,0.0,0.0,0.0,0.0
S-Commercial_PV,2035011512,S-Commercial_PV,Commercial_PV,South,Solar,8766.0,2030,0.0,0.0,0.0,0.0
S-Central_PV-1,2025011500,S-Central_PV-1,Central_PV,South,Solar,1095.7440000000001,2020,0.0,0.0,0.0,0.0
S-Central_PV-1,2025011512,S-Central_PV-1,Central_PV,South,Solar,1095.7440000000001,2020,0.0,0.0,0.0,0.0
S-Central_PV-1,2025011600,S-Central_PV-1,Central_PV,South,Solar,1095.7440000000001,2020,0.0,0.0,0.0,0.0
S-Central_PV-1,2025011612,S-Central_PV-1,Central_PV,South,Solar,1095.7440000000001,2020,0.0,0.0,0.0,0.0
S-Central_PV-1,2025061500,S-Central_PV-1,Central_PV,South,Solar,2191.5,2020,0.0,0.0,0.0,0.0
S-Central_PV-1,2025061512,S-Central_PV-1,Central_PV,South,Solar,2191.5,2020,0.0,0.0,0.0,0.0
S-Central_PV-1,2035011512,S-Central_PV-1,Central_PV,South,Solar,8766.0,2030,0.0,0.0,0.0,0.0
S-Central_PV-2,2025011500,S-Central_PV-2,Central_PV,South,Solar,1095.7440000000001,2020,0.0,0.0,0.0,0.0
S-Central_PV-2,2025011512,S-Central_PV-2,Central_PV,South,Solar,1095.7440000000001,2020,0.0,0.0,0.0,0.0
S-Central_PV-2,2025011600,S-Central_PV-2,Central_PV,South,Solar,1095.7440000000001,2020,0.0,0.0,0.0,0.0
S-Central_PV-2,2025011612,S-Central_PV-2,Central_PV,South,Solar,1095.7440000000001,2020,0.0,0.0,0.0,0.0
S-Central_PV-2,2025061500,S-Central_PV-2,Central_PV,South,Solar,2191.5,2020,0.0,0.0,0.0,0.0
S-Central_PV-2,2025061512,S-Central_PV-2,Central_PV,South,Solar,2191.5,2020,0.0,0.0,0.0,0.0
S-Central_PV-2,2035011512,S-Central_PV-2,Central_PV,South,Solar,8766.0,2030,0.0,0.0,0.0,0.0
